Workbook

Sheet Eval
A1: # | B1: Tier | C1: Question | D1: What it tests | E1: Gold answer | F1: Expected Raw (bare) failure | G1: Raw (bare) | J1: Raw_Plus | M1: Modeled | P1: Notes
G2: Answer | H2: Score | I2: Tokens/CUs | J2: Answer | K2: Score | L2: Tokens/CUs | M2: Answer | N2: Score | O2: Tokens/CUs
A3: Q1 | B3: 1 | C3: What was our revenue in Q1 2026 by channel? | D3: Both answer; baseline for token comparison | E3: Online $7.030M / Retail $7.156M / Wholesale $6.911M; total $21.097M (ERP, Jan-Mar 2026) | F3: Should pass — single clean table
A4: Q2 | B4: 1 | C4: What are our top 5 products by revenue? | D4: May differ if it tries to include unjoinable sources | E4: SKU-0074 Terminal Block $6.68M; SKU-0094 Hydraulic Hose $4.86M; SKU-0014 Rocker Switch $4.77M; SKU-0079 IEC Connector $4.42M; SKU-0080 Stretch Wrap $4.33M (ERP, full window) | F4: Should pass
A5: Q3 | B5: 1 | C5: What was our stockout rate in May 2026? | D5: Definition drift possible (share of SKUs vs share of rows) | E5: 1.52% of SKU-location-days (ERP daily snapshots, May 2026) | F5: Should pass — is_stockout flag exists raw
A6: Q4 | B6: 2 | C6: What were total company sales in May 2026, including Lakeside and the marketplace? | D6: Tests cross-source conformance + gross/net rule | E6: $10.054M = ERP $8.382M + marketplace NET $0.622M + Lakeside $1.051M | F6: ERP-only $8.382M, or $9.106M using marketplace GROSS; Lakeside missed (text DD/MM/YYYY dates, no join)
A7: Q5 | B7: 2 | C7: What is our net marketplace revenue after fees, by month? | D7: Gross-vs-net trap | E7: Full window $7.335M net (gross $8.534M, fees 14.0%). E.g. Mar-26 $638K, Apr-26 $594K, May-26 $622K | F7: Reports gross from mm_orders (no settlement join): ~16% overstated
A8: Q6 | B8: 2 | C8: Which products generate the most helpdesk tickets per 1,000 units sold? | D8: Free-text conformance + ratio convention | E8: SKU-0045 Titan Solenoid Valve 142.7/1K (2,041 tickets); SKU-0014 Titan Rocker Switch 115.9/1K (1,967); next SKU-0085 at 40.5. Convention: SKUs with >=1,000 units; 88% of ticket refs resolve | F8: Cannot join free-text productRef to units; hallucinated join or refusal
A9: Q7 | B9: 2 | C9: What is the service parts attach rate for Hydraulics products? | D9: ITM code conformance | E9: 8.1 parts per 100 units sold (16,156 parts / 199,192 Hydraulics units) | F9: Cannot resolve ITM- codes to SKUs; wrong denominator or hallucination
A10: Q8 | B10: 3 | C10: Which A-class products have open complaints AND are at stockout risk in the merged network? | D10: The flagship multi-hop question | E10: SKU-0014 Titan Rocker Switch 20A and SKU-0045 Titan Solenoid Valve 1in (open complaint tickets; on-hand <= safety stock at 2026-05-31; near-zero Lakeside counts) | F10: Multi-hop across 4 sources fails; likely hallucinated list
A11: Q9 | B11: 3 | C11: Compare Lakeside store sell-through vs our DCs since the acquisition. | D11: Mixed-grain inventory + acquisition date | E11: Feb-May 2026: Lakeside 2.85x (46,145 units / 16,187 avg on-hand) vs DCs 1.70x (234,391 / 138,261). Lakeside turns ~1.7x faster | F11: Cannot parse Lakeside text dates or weekly counts; no answer or invented numbers
A12: Q10 | B12: 3 | C12: What were Lakeside sales on 03/02/2026? | D12: Date-format trap | E12: $36,836 (Feb 3, 2026 — dates are DD/MM/YYYY). An MM/DD misparse gives Mar 2 = $44,972 | F12: Misparses as March 2 or fails on text date
A13: Q11 | B13: 2 | C13: How much revenue has Lakeside generated since the acquisition? | D13: Period convention from Prep-for-AI | E13: $4.324M (Feb 1 - May 31, 2026; ~9% from Lakeside store-brand items) | F13: No acquisition date knowledge + text dates: wrong period or no answer
A14: Q12 | B14: 3 | C14: How much marketplace revenue can't be tied to one of our products? | D14: Data-quality awareness question | E14: $94K gross (1.1% of marketplace gross) from ~10 stale/unmapped listings | F14: No xref join: either 0% or everything unmapped
A16: Scoring: 2 = correct, 1 = partially correct, 0 = wrong, -1 = hallucinated (confident + false)
A17: Agents: Raw (bare) = SupplyAgent_Raw (MultiSource_Raw model — no instructions) | Raw_Plus = SupplyAgent_Raw_Plus (lh_supply_demo SQL endpoint + heavy agent instructions) | Modeled = SupplyAgent_Modeled (MultiSource_Modeled star + Prep-for-AI)

Sheet Summary
A1: Agent | B1: Data source | C1: Total score | D1: Max | E1: % of max | F1: Correct (2) | G1: Partial (1) | H1: Wrong (0) | I1: Hallucinated (-1) | J1: Answered | K1: Avg tokens/CUs
A2: SupplyAgent_Raw | B2: MultiSource_Raw model — no instructions | C2: =SUM(Eval!H3:H14) | D2: 24 | E2: =IFERROR(C2/D2,0) | F2: =COUNTIF(Eval!H3:H14,2) | G2: =COUNTIF(Eval!H3:H14,1) | H2: =COUNTIF(Eval!H3:H14,0) | I2: =COUNTIF(Eval!H3:H14,-1) | J2: =COUNT(Eval!H3:H14) | K2: =IFERROR(AVERAGE(Eval!I3:I14),0)
A3: SupplyAgent_Raw_Plus | B3: lh_supply_demo SQL endpoint + heavy agent instructions | C3: =SUM(Eval!K3:K14) | D3: 24 | E3: =IFERROR(C3/D3,0) | F3: =COUNTIF(Eval!K3:K14,2) | G3: =COUNTIF(Eval!K3:K14,1) | H3: =COUNTIF(Eval!K3:K14,0) | I3: =COUNTIF(Eval!K3:K14,-1) | J3: =COUNT(Eval!K3:K14) | K3: =IFERROR(AVERAGE(Eval!L3:L14),0)
A4: SupplyAgent_Modeled | B4: MultiSource_Modeled star + Prep-for-AI | C4: =SUM(Eval!N3:N14) | D4: 24 | E4: =IFERROR(C4/D4,0) | F4: =COUNTIF(Eval!N3:N14,2) | G4: =COUNTIF(Eval!N3:N14,1) | H4: =COUNTIF(Eval!N3:N14,0) | I4: =COUNTIF(Eval!N3:N14,-1) | J4: =COUNT(Eval!N3:N14) | K4: =IFERROR(AVERAGE(Eval!O3:O14),0)

Sheet Conventions
A1: Convention | B1: Value
A2: Data window | B2: 2025-06-01 to 2026-05-31
A3: Acquisition date (Lakeside) | B3: 2026-02-01
A4: 'Total / company sales' | B4: ERP + marketplace NET + Lakeside
A5: Marketplace revenue | B5: NET of fees (payoutAmount) unless 'gross' is asked
A6: Lakeside dates | B6: TEXT DD/MM/YYYY in raw exports
A7: Stockout rate | B7: share of SKU-location-day snapshots with is_stockout = 1
A8: Stockout risk | B8: on-hand <= safety stock at latest snapshot (ERP) or near-zero latest weekly count (Lakeside)
A9: Complaint | B9: helpdesk categoryId = 1 (Product complaint)
A10: Tickets per 1K units | B10: resolved product refs only (88%); SKUs with >= 1,000 units sold
A11: Sell-through ratio | B11: units sold / average on-hand units over the period
A12: Token/CU measurement | B12: Capacity Metrics app (capacity admin on fabricassesmentcoe) or Foundry/SDK
